Tags,links,Name,Location
Sacred & Religious Sites,https://www.tripadvisor.in/Attractions-g608471-Activities-c47-t10-Alappuzha_Alappuzha_District_Kerala.html,Mannarasala Sree Nagaraja Temple,Alappuzzha
Sacred & Religious Sites,https://www.tripadvisor.in/Attractions-g608471-Activities-c47-t10-Alappuzha_Alappuzha_District_Kerala.html,Ambalapuzha Sree Krishna Temple,Alappuzzha
Sacred & Religious Sites,https://www.tripadvisor.in/Attractions-g608471-Activities-c47-t10-Alappuzha_Alappuzha_District_Kerala.html,Sree Subramanya Swami Temple,Alappuzzha
Sacred & Religious Sites,https://www.tripadvisor.in/Attractions-g608471-Activities-c47-t10-Alappuzha_Alappuzha_District_Kerala.html,St. Andrew's Basilica Arthunkal,Alappuzzha
Sacred & Religious Sites,https://www.tripadvisor.in/Attractions-g608471-Activities-c47-t10-Alappuzha_Alappuzha_District_Kerala.html,Mullakkal Rajeshwari Temple,Alappuzzha
Sacred & Religious Sites,https://www.tripadvisor.in/Attractions-g608471-Activities-c47-t10-Alappuzha_Alappuzha_District_Kerala.html,Sree Ganesh Temple Mullackall,Alappuzzha
Sacred & Religious Sites,https://www.tripadvisor.in/Attractions-g608471-Activities-c47-t10-Alappuzha_Alappuzha_District_Kerala.html,Chavara Bhavan Shrine,Alappuzzha
Sacred & Religious Sites,https://www.tripadvisor.in/Attractions-g608471-Activities-c47-t10-Alappuzha_Alappuzha_District_Kerala.html,Kanichukulangara Devi Temple,Alappuzzha
Sacred & Religious Sites,https://www.tripadvisor.in/Attractions-g608471-Activities-c47-t10-Alappuzha_Alappuzha_District_Kerala.html,"Jain Temple, Alleppey",Alappuzzha
Sacred & Religious Sites,https://www.tripadvisor.in/Attractions-g608471-Activities-c47-t10-Alappuzha_Alappuzha_District_Kerala.html,Eruva Sreekrishna Swamy Temple,Alappuzzha
Sacred & Religious Sites,https://www.tripadvisor.in/Attractions-g608471-Activities-c47-t10-Alappuzha_Alappuzha_District_Kerala.html,Kurattikkadu Mutharamman Devi Temple,Alappuzzha
Sacred & Religious Sites,https://www.tripadvisor.in/Attractions-g608471-Activities-c47-t10-Alappuzha_Alappuzha_District_Kerala.html,Thuravoor Mahakshethram,Alappuzzha
Sacred & Religious Sites,https://www.tripadvisor.in/Attractions-g608471-Activities-c47-t10-Alappuzha_Alappuzha_District_Kerala.html,Kidangamparambu Sree Bhuvaneswari Temple,Alappuzzha
Sacred & Religious Sites,https://www.tripadvisor.in/Attractions-g608471-Activities-c47-t10-Alappuzha_Alappuzha_District_Kerala.html,Padanilam Parabrahma Temple,Alappuzzha
Nature & Parks,https://www.tripadvisor.in/Attractions-g608471-Activities-c57-Alappuzha_Alappuzha_District_Kerala.html,Alleppey Backwaters,Alappuzzha
Nature & Parks,https://www.tripadvisor.in/Attractions-g608471-Activities-c57-Alappuzha_Alappuzha_District_Kerala.html,Kerala Backwaters,Alappuzzha
Nature & Parks,https://www.tripadvisor.in/Attractions-g608471-Activities-c57-Alappuzha_Alappuzha_District_Kerala.html,Alappuzha Beach,Alappuzzha
Nature & Parks,https://www.tripadvisor.in/Attractions-g608471-Activities-c57-Alappuzha_Alappuzha_District_Kerala.html,Andhakaranazhi Beach,Alappuzzha
Nature & Parks,https://www.tripadvisor.in/Attractions-g608471-Activities-c57-Alappuzha_Alappuzha_District_Kerala.html,Kayamkulam Lake,Alappuzzha
Nature & Parks,https://www.tripadvisor.in/Attractions-g608471-Activities-c57-Alappuzha_Alappuzha_District_Kerala.html,Vijay Beach Park,Alappuzzha
Nature & Parks,https://www.tripadvisor.in/Attractions-g608471-Activities-c57-Alappuzha_Alappuzha_District_Kerala.html,Thottappally Beach,Alappuzzha
Nature & Parks,https://www.tripadvisor.in/Attractions-g608471-Activities-c57-Alappuzha_Alappuzha_District_Kerala.html,Pathiramanal Beach,Alappuzzha
Nature & Parks,https://www.tripadvisor.in/Attractions-g608471-Activities-c57-Alappuzha_Alappuzha_District_Kerala.html,Pandavan Rock,Alappuzzha
Nature & Parks,https://www.tripadvisor.in/Attractions-g608471-Activities-c57-Alappuzha_Alappuzha_District_Kerala.html,Saras Exotic Birds Center,Alappuzzha
Nature & Parks,https://www.tripadvisor.in/Attractions-g608471-Activities-c57-Alappuzha_Alappuzha_District_Kerala.html,Kakkathuruthu Island,Alappuzzha
Nature & Parks,https://www.tripadvisor.in/Attractions-g608471-Activities-c57-Alappuzha_Alappuzha_District_Kerala.html,Sea View Park,Alappuzzha
Nature & Parks,https://www.tripadvisor.in/Attractions-g608471-Activities-c57-Alappuzha_Alappuzha_District_Kerala.html,Vembanad Lake,Alappuzzha
Sights & Landmarks,https://www.tripadvisor.in/Attractions-g608471-Activities-c47-Alappuzha_Alappuzha_District_Kerala.html,Mannarasala Sree Nagaraja Temple,Alappuzzha
Sights & Landmarks,https://www.tripadvisor.in/Attractions-g608471-Activities-c47-Alappuzha_Alappuzha_District_Kerala.html,Ambalapuzha Sree Krishna Temple,Alappuzzha
Sights & Landmarks,https://www.tripadvisor.in/Attractions-g608471-Activities-c47-Alappuzha_Alappuzha_District_Kerala.html,Sree Subramanya Swami Temple,Alappuzzha
Sights & Landmarks,https://www.tripadvisor.in/Attractions-g608471-Activities-c47-Alappuzha_Alappuzha_District_Kerala.html,Alappuzha Lighthouse,Alappuzzha
Sights & Landmarks,https://www.tripadvisor.in/Attractions-g608471-Activities-c47-Alappuzha_Alappuzha_District_Kerala.html,St. Andrew's Basilica Arthunkal,Alappuzzha
Sights & Landmarks,https://www.tripadvisor.in/Attractions-g608471-Activities-c47-Alappuzha_Alappuzha_District_Kerala.html,Kathakali,Alappuzzha
Sights & Landmarks,https://www.tripadvisor.in/Attractions-g608471-Activities-c47-Alappuzha_Alappuzha_District_Kerala.html,St. Mary's Forane Church,Alappuzzha
Sights & Landmarks,https://www.tripadvisor.in/Attractions-g608471-Activities-c47-Alappuzha_Alappuzha_District_Kerala.html,Mullakkal Rajeshwari Temple,Alappuzzha
Sights & Landmarks,https://www.tripadvisor.in/Attractions-g608471-Activities-c47-Alappuzha_Alappuzha_District_Kerala.html,Edathua Church,Alappuzzha
Sights & Landmarks,https://www.tripadvisor.in/Attractions-g608471-Activities-c47-Alappuzha_Alappuzha_District_Kerala.html,Chakkulathukavu Temple,Alappuzzha
Sights & Landmarks,https://www.tripadvisor.in/Attractions-g608471-Activities-c47-Alappuzha_Alappuzha_District_Kerala.html,Sree Ganesh Temple Mullackall,Alappuzzha
Sights & Landmarks,https://www.tripadvisor.in/Attractions-g608471-Activities-c47-Alappuzha_Alappuzha_District_Kerala.html,Chavara Bhavan Shrine,Alappuzzha
Sights & Landmarks,https://www.tripadvisor.in/Attractions-g608471-Activities-c47-Alappuzha_Alappuzha_District_Kerala.html,St. Mary's Forane Church Pulincunnoo,Alappuzzha
Sights & Landmarks,https://www.tripadvisor.in/Attractions-g608471-Activities-c47-Alappuzha_Alappuzha_District_Kerala.html,Kanichukulangara Devi Temple,Alappuzzha
Sights & Landmarks,https://www.tripadvisor.in/Attractions-g608471-Activities-c47-Alappuzha_Alappuzha_District_Kerala.html,Chammanad Devi Temple,Alappuzzha
Points of Interest & Landmarks,https://www.tripadvisor.in/Attractions-g608471-Activities-c47-t163-Alappuzha_Alappuzha_District_Kerala.html,Alappuzha Lighthouse,Alappuzzha
Points of Interest & Landmarks,https://www.tripadvisor.in/Attractions-g608471-Activities-c47-t163-Alappuzha_Alappuzha_District_Kerala.html,Chakkulathukavu Temple,Alappuzzha
Points of Interest & Landmarks,https://www.tripadvisor.in/Attractions-g608471-Activities-c47-t163-Alappuzha_Alappuzha_District_Kerala.html,Chammanad Devi Temple,Alappuzzha
Points of Interest & Landmarks,https://www.tripadvisor.in/Attractions-g608471-Activities-c47-t163-Alappuzha_Alappuzha_District_Kerala.html,Eruva Sreekrishna Swamy Temple,Alappuzzha
Points of Interest & Landmarks,https://www.tripadvisor.in/Attractions-g608471-Activities-c47-t163-Alappuzha_Alappuzha_District_Kerala.html,Adichikkavu Sree Durga Devi Kshetram Temple,Alappuzzha
Points of Interest & Landmarks,https://www.tripadvisor.in/Attractions-g608471-Activities-c47-t163-Alappuzha_Alappuzha_District_Kerala.html,Nalpathaneeswaram Sree Mahadeva Temple,Alappuzzha
Points of Interest & Landmarks,https://www.tripadvisor.in/Attractions-g608471-Activities-c47-t163-Alappuzha_Alappuzha_District_Kerala.html,Vethalan Kavu Mahadeva Temple,Alappuzzha
Points of Interest & Landmarks,https://www.tripadvisor.in/Attractions-g608471-Activities-c47-t163-Alappuzha_Alappuzha_District_Kerala.html,Sree Venu Gopala Swamy Temple,Alappuzzha
Points of Interest & Landmarks,https://www.tripadvisor.in/Attractions-g608471-Activities-c47-t163-Alappuzha_Alappuzha_District_Kerala.html,Thiruvanvandoor Pambanaiappan Temple,Alappuzzha
Points of Interest & Landmarks,https://www.tripadvisor.in/Attractions-g608471-Activities-c47-t163-Alappuzha_Alappuzha_District_Kerala.html,Golden Flower Hall,Alappuzzha
Points of Interest & Landmarks,https://www.tripadvisor.in/Attractions-g608471-Activities-c47-t163-Alappuzha_Alappuzha_District_Kerala.html,Kurattikadu Pattambalam Devi Kshethram Temple,Alappuzzha
Points of Interest & Landmarks,https://www.tripadvisor.in/Attractions-g608471-Activities-c47-t163-Alappuzha_Alappuzha_District_Kerala.html,Kuttikattu Sree Bhadra Kali Devi Temple,Alappuzzha
Multi-day Tours,https://www.tripadvisor.in/Attractions-g303881-Activities-c42-t288-Munnar_Idukki_District_Kerala.html,"8 Days Kerala Private Tour (3 Star) with Munnar, Houseboat & Cab- Iris Holidays",Munnar
Multi-day Tours,https://www.tripadvisor.in/Attractions-g303881-Activities-c42-t288-Munnar_Idukki_District_Kerala.html,Kerala tour with treehouse and private houseboat stay,Munnar
Multi-day Tours,https://www.tripadvisor.in/Attractions-g303881-Activities-c42-t288-Munnar_Idukki_District_Kerala.html,3N4D Munnar Alleppey (Given cost is applicable if there is 02 Adults above),Munnar
Multi-day Tours,https://www.tripadvisor.in/Attractions-g303881-Activities-c42-t288-Munnar_Idukki_District_Kerala.html,4 Days Best of Kerala Tour with Private houseboat & Car- Iris Holidays,Munnar
Multi-day Tours,https://www.tripadvisor.in/Attractions-g303881-Activities-c42-t288-Munnar_Idukki_District_Kerala.html,4 Day Munnar and Alleppey Private Houseboat Tour,Munnar
Multi-day Tours,https://www.tripadvisor.in/Attractions-g303881-Activities-c42-t288-Munnar_Idukki_District_Kerala.html,"Solo Kerala Private Tour Package ( 5 Nights) - Munnar, Thekkady, Houseboat",Munnar
Multi-day Tours,https://www.tripadvisor.in/Attractions-g303881-Activities-c42-t288-Munnar_Idukki_District_Kerala.html,"5 Day Explore Kerala Tour (Private houseboat included, Resort,Hotel,Cab) Tripkro",Munnar
Multi-day Tours,https://www.tripadvisor.in/Attractions-g303881-Activities-c42-t288-Munnar_Idukki_District_Kerala.html,Kerala Tour - 7n8d,Munnar
Multi-day Tours,https://www.tripadvisor.in/Attractions-g303881-Activities-c42-t288-Munnar_Idukki_District_Kerala.html,"6 Nights 7 Days Kerala Private tour with Hillstations,Backwater &Beaches",Munnar
Multi-day Tours,https://www.tripadvisor.in/Attractions-g303881-Activities-c42-t288-Munnar_Idukki_District_Kerala.html,5 Days Premium Kerala Tour Package - Private Tour with Exclusive Houseboat Stay,Munnar
Multi-day Tours,https://www.tripadvisor.in/Attractions-g303881-Activities-c42-t288-Munnar_Idukki_District_Kerala.html,Two nights Munnar with Houseboat,Munnar
Multi-day Tours,https://www.tripadvisor.in/Attractions-g303881-Activities-c42-t288-Munnar_Idukki_District_Kerala.html,5 Days Private Kerala Tour package with Houseboat Stay,Munnar
Multi-day Tours,https://www.tripadvisor.in/Attractions-g303881-Activities-c42-t288-Munnar_Idukki_District_Kerala.html,5 Days Private Kerala tour Package with Vehicle & Sightseeing by Khidma Tourism,Munnar
Multi-day Tours,https://www.tripadvisor.in/Attractions-g303881-Activities-c42-t288-Munnar_Idukki_District_Kerala.html,5Day Athirapally/Munnar/Alleppey (Given cost is applicable for 02 Adults above ),Munnar
Multi-day Tours,https://www.tripadvisor.in/Attractions-g303881-Activities-c42-t288-Munnar_Idukki_District_Kerala.html,6-Night Private Kerala Tour from Kochi,Munnar
Waterfalls,https://www.tripadvisor.in/Attractions-g303881-Activities-c57-t95-Munnar_Idukki_District_Kerala.html,Lakkam Waterfalls,Munnar
Waterfalls,https://www.tripadvisor.in/Attractions-g303881-Activities-c57-t95-Munnar_Idukki_District_Kerala.html,Attukal Waterfalls,Munnar
Waterfalls,https://www.tripadvisor.in/Attractions-g303881-Activities-c57-t95-Munnar_Idukki_District_Kerala.html,Chinnakanal Waterfalls,Munnar
Waterfalls,https://www.tripadvisor.in/Attractions-g303881-Activities-c57-t95-Munnar_Idukki_District_Kerala.html,Pallivasal Falls,Munnar
Waterfalls,https://www.tripadvisor.in/Attractions-g303881-Activities-c57-t95-Munnar_Idukki_District_Kerala.html,Thoovanam Falls,Munnar
Waterfalls,https://www.tripadvisor.in/Attractions-g303881-Activities-c57-t95-Munnar_Idukki_District_Kerala.html,Ripple Waterfalls,Munnar
Waterfalls,https://www.tripadvisor.in/Attractions-g303881-Activities-c57-t95-Munnar_Idukki_District_Kerala.html,Power House Falls,Munnar
Waterfalls,https://www.tripadvisor.in/Attractions-g303881-Activities-c57-t95-Munnar_Idukki_District_Kerala.html,Periyakanal Waterfalls,Munnar
Waterfalls,https://www.tripadvisor.in/Attractions-g303881-Activities-c57-t95-Munnar_Idukki_District_Kerala.html,Keezharkuthu Falls,Munnar
Waterfalls,https://www.tripadvisor.in/Attractions-g303881-Activities-c57-t95-Munnar_Idukki_District_Kerala.html,Nyayamkadu Waterfalls,Munnar
Waterfalls,https://www.tripadvisor.in/Attractions-g303881-Activities-c57-t95-Munnar_Idukki_District_Kerala.html,Dr.Bala Falls,Munnar
Nature & Parks,https://www.tripadvisor.in/Attractions-g303881-Activities-c57-Munnar_Idukki_District_Kerala.html,Tea Gardens,Munnar
Nature & Parks,https://www.tripadvisor.in/Attractions-g303881-Activities-c57-Munnar_Idukki_District_Kerala.html,Meesapulimala,Munnar
Nature & Parks,https://www.tripadvisor.in/Attractions-g303881-Activities-c57-Munnar_Idukki_District_Kerala.html,Anamudi Peak,Munnar
Nature & Parks,https://www.tripadvisor.in/Attractions-g303881-Activities-c57-Munnar_Idukki_District_Kerala.html,Lakkam Waterfalls,Munnar
Nature & Parks,https://www.tripadvisor.in/Attractions-g303881-Activities-c57-Munnar_Idukki_District_Kerala.html,Kundala Dam Lake,Munnar
Nature & Parks,https://www.tripadvisor.in/Attractions-g303881-Activities-c57-Munnar_Idukki_District_Kerala.html,Photo Point,Munnar
Nature & Parks,https://www.tripadvisor.in/Attractions-g303881-Activities-c57-Munnar_Idukki_District_Kerala.html,Attukal Waterfalls,Munnar
Nature & Parks,https://www.tripadvisor.in/Attractions-g303881-Activities-c57-Munnar_Idukki_District_Kerala.html,Chinnakanal Waterfalls,Munnar
Nature & Parks,https://www.tripadvisor.in/Attractions-g303881-Activities-c57-Munnar_Idukki_District_Kerala.html,Rajamalai (Eravikulam) National Park,Munnar
Nature & Parks,https://www.tripadvisor.in/Attractions-g303881-Activities-c57-Munnar_Idukki_District_Kerala.html,Rose Gardens,Munnar
Nature & Parks,https://www.tripadvisor.in/Attractions-g303881-Activities-c57-Munnar_Idukki_District_Kerala.html,Mattupetty Dam,Munnar
Nature & Parks,https://www.tripadvisor.in/Attractions-g303881-Activities-c57-Munnar_Idukki_District_Kerala.html,Chinnar Wildlife Sanctuary,Munnar
Nature & Parks,https://www.tripadvisor.in/Attractions-g303881-Activities-c57-Munnar_Idukki_District_Kerala.html,Pallivasal Falls,Munnar
Nature & Parks,https://www.tripadvisor.in/Attractions-g303881-Activities-c57-Munnar_Idukki_District_Kerala.html,Thoovanam Falls,Munnar
Nature & Parks,https://www.tripadvisor.in/Attractions-g303881-Activities-c57-Munnar_Idukki_District_Kerala.html,Ripple Waterfalls,Munnar
Sights & Landmarks,https://www.tripadvisor.in/Attractions-g303881-Activities-c47-Munnar_Idukki_District_Kerala.html,Kalari Kshethra,Munnar
Sights & Landmarks,https://www.tripadvisor.in/Attractions-g303881-Activities-c47-Munnar_Idukki_District_Kerala.html,Lock Heart Gap,Munnar
Sights & Landmarks,https://www.tripadvisor.in/Attractions-g303881-Activities-c47-Munnar_Idukki_District_Kerala.html,Top Station,Munnar
Sights & Landmarks,https://www.tripadvisor.in/Attractions-g303881-Activities-c47-Munnar_Idukki_District_Kerala.html,Pothamedu Viewpoint,Munnar
Sights & Landmarks,https://www.tripadvisor.in/Attractions-g303881-Activities-c47-Munnar_Idukki_District_Kerala.html,CSI Christ Church,Munnar
Sights & Landmarks,https://www.tripadvisor.in/Attractions-g303881-Activities-c47-Munnar_Idukki_District_Kerala.html,Muniyara Dolmens,Munnar
Sights & Landmarks,https://www.tripadvisor.in/Attractions-g303881-Activities-c47-Munnar_Idukki_District_Kerala.html,Mount Carmel Church &Mount Carmel Pilgrim Centre,Munnar
Sights & Landmarks,https://www.tripadvisor.in/Attractions-g303881-Activities-c47-Munnar_Idukki_District_Kerala.html,Honey Bee Tree,Munnar
Sights & Landmarks,https://www.tripadvisor.in/Attractions-g303881-Activities-c47-Munnar_Idukki_District_Kerala.html,Jungle Honey Bee Nest,Munnar
Sights & Landmarks,https://www.tripadvisor.in/Attractions-g303881-Activities-c47-Munnar_Idukki_District_Kerala.html,Mattupetti Indo-Swiss Farm,Munnar
Sights & Landmarks,https://www.tripadvisor.in/Attractions-g303881-Activities-c47-Munnar_Idukki_District_Kerala.html,Cinnamon Gardens Spices Plantation,Munnar
Sights & Landmarks,https://www.tripadvisor.in/Attractions-g303881-Activities-c47-Munnar_Idukki_District_Kerala.html,Lockhart Tea Museum,Munnar
Sights & Landmarks,https://www.tripadvisor.in/Attractions-g303881-Activities-c47-Munnar_Idukki_District_Kerala.html,Karadipara View Point,Munnar
Nature & Wildlife Areas,https://www.tripadvisor.in/Attractions-g303881-Activities-c57-t68-Munnar_Idukki_District_Kerala.html,Chinnar Wildlife Sanctuary,Munnar
Nature & Wildlife Areas,https://www.tripadvisor.in/Attractions-g303881-Activities-c57-t68-Munnar_Idukki_District_Kerala.html,Echo Point,Munnar
Nature & Wildlife Areas,https://www.tripadvisor.in/Attractions-g303881-Activities-c57-t68-Munnar_Idukki_District_Kerala.html,Salim Ali Bird Sanctuary,Munnar
Nature & Wildlife Areas,https://www.tripadvisor.in/Attractions-g303881-Activities-c57-t68-Munnar_Idukki_District_Kerala.html,Green Field Spices and Herbal Garden,Munnar
Nature & Wildlife Areas,https://www.tripadvisor.in/Attractions-g303881-Activities-c57-t68-Munnar_Idukki_District_Kerala.html,Swiftlet Cave Munnar,Munnar
Nature & Wildlife Areas,https://www.tripadvisor.in/Attractions-g303881-Activities-c57-t68-Munnar_Idukki_District_Kerala.html,Anakkulam - Elephant View Point,Munnar